{
  "formatVersion": 1,
  "database": {
    "version": 20,
    "identityHash": "6146539c16ef5148ce0fd91a50430c36",
    "entities": [
      {
        "tableName": "Reminder",
        "createSql": "CREATE TABLE IF NOT EXISTS `${TABLE_NAME}` (`reminderId` INTEGER PRIMARY KEY AUTOINCREMENT, `noteId` INTEGER NOT NULL, `placeId` INTEGER, `placeGroupId` INTEGER, `isActive` INTEGER NOT NULL)",
        "fields": [
          {
            "fieldPath": "reminderId",
            "columnName": "reminderId",
            "affinity": "INTEGER",
            "notNull": false
          },
          {
            "fieldPath": "noteId",
            "columnName": "noteId",
            "affinity": "INTEGER",
            "notNull": true
          },
          {
            "fieldPath": "placeId",
            "columnName": "placeId",
            "affinity": "INTEGER",
            "notNull": false
          },
          {
            "fieldPath": "placeGroupId",
            "columnName": "placeGroupId",
            "affinity": "INTEGER",
            "notNull": false
          },
          {
            "fieldPath": "isActive",
            "columnName": "isActive",
            "affinity": "INTEGER",
            "notNull": true
          }
        ],
        "primaryKey": {
          "columnNames": [
            "reminderId"
          ],
          "autoGenerate": true
        },
        "indices": [],
        "foreignKeys": []
      },
      {
        "tableName": "Note",
        "createSql": "CREATE TABLE IF NOT EXISTS `${TABLE_NAME}` (`noteId` INTEGER PRIMARY KEY AUTOINCREMENT, `title` TEXT NOT NULL, `body` TEXT NOT NULL)",
        "fields": [
          {
            "fieldPath": "noteId",
            "columnName": "noteId",
            "affinity": "INTEGER",
            "notNull": false
          },
          {
            "fieldPath": "title",
            "columnName": "title",
            "affinity": "TEXT",
            "notNull": true
          },
          {
            "fieldPath": "body",
            "columnName": "body",
            "affinity": "TEXT",
            "notNull": true
          }
        ],
        "primaryKey": {
          "columnNames": [
            "noteId"
          ],
          "autoGenerate": true
        },
        "indices": [],
        "foreignKeys": []
      },
      {
        "tableName": "alarm_attribute",
        "createSql": "CREATE TABLE IF NOT EXISTS `${TABLE_NAME}` (`id` INTEGER PRIMARY KEY AUTOINCREMENT NOT NULL, `reminder_id` INTEGER NOT NULL, `vibration` INTEGER NOT NULL, `volume` INTEGER NOT NULL, `ringtone_path` TEXT)",
        "fields": [
          {
            "fieldPath": "id",
            "columnName": "id",
            "affinity": "INTEGER",
            "notNull": true
          },
          {
            "fieldPath": "reminderId",
            "columnName": "reminder_id",
            "affinity": "INTEGER",
            "notNull": true
          },
          {
            "fieldPath": "vibration",
            "columnName": "vibration",
            "affinity": "INTEGER",
            "notNull": true
          },
          {
            "fieldPath": "volume",
            "columnName": "volume",
            "affinity": "INTEGER",
            "notNull": true
          },
          {
            "fieldPath": "ringtonePath",
            "columnName": "ringtone_path",
            "affinity": "TEXT",
            "notNull": false
          }
        ],
        "primaryKey": {
          "columnNames": [
            "id"
          ],
          "autoGenerate": true
        },
        "indices": [],
        "foreignKeys": []
      },
      {
        "tableName": "Place",
        "createSql": "CREATE TABLE IF NOT EXISTS `${TABLE_NAME}` (`placeId` INTEGER PRIMARY KEY AUTOINCREMENT, `name` TEXT, `latitude` REAL NOT NULL, `longitude` REAL NOT NULL, `radius` INTEGER NOT NULL)",
        "fields": [
          {
            "fieldPath": "placeId",
            "columnName": "placeId",
            "affinity": "INTEGER",
            "notNull": false
          },
          {
            "fieldPath": "name",
            "columnName": "name",
            "affinity": "TEXT",
            "notNull": false
          },
          {
            "fieldPath": "latitude",
            "columnName": "latitude",
            "affinity": "REAL",
            "notNull": true
          },
          {
            "fieldPath": "longitude",
            "columnName": "longitude",
            "affinity": "REAL",
            "notNull": true
          },
          {
            "fieldPath": "radius",
            "columnName": "radius",
            "affinity": "INTEGER",
            "notNull": true
          }
        ],
        "primaryKey": {
          "columnNames": [
            "placeId"
          ],
          "autoGenerate": true
        },
        "indices": [],
        "foreignKeys": []
      },
      {
        "tableName": "PlaceGroup",
        "createSql": "CREATE TABLE IF NOT EXISTS `${TABLE_NAME}` (`placeGroupId` INTEGER PRIMARY KEY AUTOINCREMENT, `name` TEXT NOT NULL)",
        "fields": [
          {
            "fieldPath": "placeGroupId",
            "columnName": "placeGroupId",
            "affinity": "INTEGER",
            "notNull": false
          },
          {
            "fieldPath": "name",
            "columnName": "name",
            "affinity": "TEXT",
            "notNull": true
          }
        ],
        "primaryKey": {
          "columnNames": [
            "placeGroupId"
          ],
          "autoGenerate": true
        },
        "indices": [],
        "foreignKeys": []
      },
      {
        "tableName": "PlaceGroupPlaceCrossRef",
        "createSql": "CREATE TABLE IF NOT EXISTS `${TABLE_NAME}` (`placeId` INTEGER NOT NULL, `placeGroupId` INTEGER NOT NULL, PRIMARY KEY(`placeId`, `placeGroupId`))",
        "fields": [
          {
            "fieldPath": "placeId",
            "columnName": "placeId",
            "affinity": "INTEGER",
            "notNull": true
          },
          {
            "fieldPath": "placeGroupId",
            "columnName": "placeGroupId",
            "affinity": "INTEGER",
            "notNull": true
          }
        ],
        "primaryKey": {
          "columnNames": [
            "placeId",
            "placeGroupId"
          ],
          "autoGenerate": false
        },
        "indices": [
          {
            "name": "index_PlaceGroupPlaceCrossRef_placeGroupId",
            "unique": false,
            "columnNames": [
              "placeGroupId"
            ],
            "createSql": "CREATE INDEX IF NOT EXISTS `index_PlaceGroupPlaceCrossRef_placeGroupId` ON `${TABLE_NAME}` (`placeGroupId`)"
          }
        ],
        "foreignKeys": []
      }
    ],
    "views": [],
    "setupQueries": [
      "CREATE TABLE IF NOT EXISTS room_master_table (id INTEGER PRIMARY KEY,identity_hash TEXT)",
      "INSERT OR REPLACE INTO room_master_table (id,identity_hash) VALUES(42, '6146539c16ef5148ce0fd91a50430c36')"
    ]
  }
}